{
  "mode": "All",
  "policyRule": {
    "if": {
      "allOf": [
        {
          "field": "type",
          "equals": "Microsoft.Sql/servers/databases"
        },
        {
          "value": "[resourceGroup().name]",
          "notContains": "managed-rg"
        },
        {
          "field": "name",
          "equals": "master"
        },
        {
          "field": "location",
          "equals": "[parameters('resourceLocation')]"
        }
      ]
    },
    "then": {
      "effect": "deployIfNotExists",
      "details": {
        "type": "microsoft.insights/diagnosticSettings",
        "evaluationDelay": "AfterProvisioningSuccess",
        "roleDefinitionIds": [
          "/providers/Microsoft.Authorization/roleDefinitions/b24988ac-6180-42a0-ab88-20f7382dd24c"
        ],
        "existenceCondition": {
          "allOf": [
            {
              "field": "Microsoft.Insights/diagnosticSettings/eventHubName",
              "equals": "[parameters('eventHubName')]"
            },
            {
              "field": "Microsoft.Insights/diagnosticSettings/eventHubAuthorizationRuleId",
              "equals": "[parameters('eventHubAuthorizationRuleId')]"
            },
            {
              "count": {
                "field": "Microsoft.Insights/diagnosticSettings/logs[*]",
                "where": {
                  "allOf": [
                    {
                      "field": "Microsoft.Insights/diagnosticSettings/logs[*].enabled",
                      "equals": true
                    },
                    {
                      "field": "Microsoft.Insights/diagnosticSettings/logs[*].category",
                      "equals": "SQLSecurityAuditEvents"
                    }
                  ]
                }
              },
              "greater": 0
            }
          ]
        },
        "deployment": {
          "properties": {
            "mode": "incremental",
            "template": {
              "$schema": "http://schema.management.azure.com/schemas/2019-04-01/deploymentTemplate.json#",
              "contentVersion": "1.0.0.0",
              "parameters": {
                "resourceName": {
                  "type": "string"
                },
                "eventHubName": {
                  "type": "string"
                },
                "eventHubAuthorizationRuleId": {
                  "type": "string"
                },
                "location": {
                  "type": "string"
                },
                "runDateTime": {
                  "type": "string",
                  "defaultValue": "[utcNow()]"
                }
              },
              "resources": [
                {
                  "type": "Microsoft.Resources/deploymentScripts",
                  "apiVersion": "2020-10-01",
                  "name": "[concat('existingDS-',uniqueString(parameters('resourceName')))]",
                  "location": "[resourceGroup().location]",
                  "kind": "AzurePowerShell",
                  "properties": {
                    "forceUpdateTag": "[parameters('runDateTime')]",
                    "arguments": "[concat('-subscriptionId \\\"',last(split(subscription().id,'/')),'\\\" -rg \\\"',resourceGroup().name,'\\\" -serverName \\\"',first(split(parameters('resourceName'),'/')),'\\\"')]",
                    "azPowerShellVersion": "9.1",
                    "scriptContent": "param([string] $subscriptionId,[string] $rg,[string] $serverName) \n $app_id = \"xxxx\" \n $secret = ConvertTo-SecureString \"xxxxxx\" -AsPlainText -Force \n $cred = New-Object System.Management.Automation.PSCredential($app_id, $secret) \n Connect-AzAccount -ServicePrincipal -Tenant 178fbee3-6393-42da-b2f8-da108d7f668c -Credential $cred -Subscription $subscriptionId \n Write-Output \"Runing script on $subscriptionId for $rg on $serverName\" \n $DeploymentScriptOutputs = @{} \n $diagnosticSettings = Get-AzDiagnosticSetting -ResourceId \"/subscriptions/$subscriptionId/resourceGroups/$rg/providers/Microsoft.Sql/servers/$serverName/databases/master\" \n $existingDiag = $null \n $diagnosticSettings | ForEach-Object { \n $diag = $_  \n $diag.Log | ForEach-Object { \n $log = $_ \n if($log.Category -eq \"SQLSecurityAuditEvents\" -and $log.Enabled -eq \"true\"){   \n $logs = @(); \n  $diag.Log | ForEach-Object {  \n if($log.Category -ne \"SQLSecurityAuditEvents\" -and $log.Enabled -eq \"true\"){ $logs += $_ }  \n } \n  $diag.Log = $logs \n  $existingDiag = $diag | ConvertTo-Json  \n \n }  \n }  \n } \n $DeploymentScriptOutputs['reference'] = $existingDiag",
                    "supportingScriptUris": [],
                    "timeout": "PT10M",
                    "retentionInterval": "PT1H"
                  }
                },
                {
                  "type": "Microsoft.Resources/deployments",
                  "apiVersion": "2021-04-01",
                  "name": "[concat('diagnosticSettingsAudit-',uniqueString(parameters('resourceName')))]",
                  "dependsOn": [
                    "[concat('existingDS-',uniqueString(parameters('resourceName')))]"
                  ],
                  "properties": {
                    "mode": "Incremental",
                    "expressionEvaluationOptions": {
                      "scope": "inner"
                    },
                    "template": {
                      "$schema": "https://schema.management.azure.com/schemas/2015-01-01/deploymentTemplate.json#",
                      "contentVersion": "1.0.0.0",
                      "parameters": {
                        "resourceName": {
                          "type": "string"
                        },
                        "eventHubName": {
                          "type": "string"
                        },
                        "eventHubAuthorizationRuleId": {
                          "type": "string"
                        },
                        "location": {
                          "type": "string"
                        },
                        "existingDiagnostics": {
                          "type": "String"
                        }
                      },
                      "variables": {
                        "diagnosticSettingsName": "setByPolicyEvtHub",
                        "existingDiagnostics": "[if(not(empty(parameters('existingDiagnostics'))),json(parameters('existingDiagnostics')),json('{}'))]",
                        "sqlAuditLog": [
                          {
                            "category": "SQLSecurityAuditEvents",
                            "enabled": true,
                            "retentionPolicy": {
                              "days": 0,
                              "enabled": false
                            }
                          }
                        ]
                      },
                      "resources": [
                        {
                          "type": "Microsoft.Sql/servers/databases/providers/diagnosticSettings",
                          "apiVersion": "2021-05-01-preview",
                          "name": "[concat(parameters('resourceName'), '/Microsoft.Insights/',if(empty(variables('existingDiagnostics')),variables('diagnosticSettingsName'),variables('existingDiagnostics').Name))]",
                          "location": "[parameters('location')]",
                          "dependsOn": [],
                          "properties": {
                            "eventHubName": "[parameters('eventHubName')]",
                            "eventHubAuthorizationRuleId": "[parameters('eventHubAuthorizationRuleId')]",
                            "logAnalyticsDestinationType": "[if(empty(variables('existingDiagnostics')),null(),variables('existingDiagnostics').LogAnalyticsDestinationType)]",
                            "serviceBusRuleId": "[if(empty(variables('existingDiagnostics')),null(),variables('existingDiagnostics').ServiceBusRuleId)]",
                            "storageAccountId": "[if(empty(variables('existingDiagnostics')),null(),variables('existingDiagnostics').StorageAccountId)]",
                            "workspaceId": "[if(empty(variables('existingDiagnostics')),null(),variables('existingDiagnostics').WorkspaceId)]",
                            "logs": "[concat(variables('sqlAuditLog'), if(empty(variables('existingDiagnostics')),createArray(),variables('existingDiagnostics').Log))]"
                          }
                        }
                      ]
                    },
                    "parameters": {
                      "resourceName": {
                        "value": "[parameters('resourceName')]"
                      },
                      "eventHubName": {
                        "value": "[parameters('eventHubName')]"
                      },
                      "eventHubAuthorizationRuleId": {
                        "value": "[parameters('eventHubAuthorizationRuleId')]"
                      },
                      "location": {
                        "value": "[parameters('location')]"
                      },
                      "existingDiagnostics": {
                        "value": "[if(empty(reference(resourceId('Microsoft.Resources/deploymentScripts',concat('existingDS-',uniqueString(parameters('resourceName')))),'2020-10-01','Full').properties.outputs.reference),'',reference(resourceId('Microsoft.Resources/deploymentScripts',concat('existingDS-',uniqueString(parameters('resourceName')))),'2020-10-01','Full').properties.outputs.reference)]"
                      }
                    }
                  }
                }
              ]
            },
            "parameters": {
              "eventHubName": {
                "value": "[parameters('eventHubName')]"
              },
              "eventHubAuthorizationRuleId": {
                "value": "[parameters('eventHubAuthorizationRuleId')]"
              },
              "location": {
                "value": "[field('location')]"
              },
              "resourceName": {
                "value": "[field('fullname')]"
              }
            }
          }
        }
      }
    }
  },
  "parameters": {
    "resourceLocation": {
      "type": "String",
      "metadata": {
        "displayName": "Resource Location",
        "description": "Resource Location must be the same as the Event Hub",
        "strongType": "location"
      }
    },
    "eventHubName": {
      "type": "String",
      "metadata": {
        "displayName": "Event Hub Name",
        "description": "Specify the name of the Event Hub"
      }
    },
    "eventHubAuthorizationRuleId": {
      "type": "String",
      "metadata": {
        "displayName": "Event Hub Authorization Rule Id",
        "description": "Specify Event Hub Authorization Rule Id"
      }
    }
  }
}