{
  "mode": "Indexed",
  "policyRule": {
    "if": {
      "anyOf": [
        {
          "allOf": [
            {
              "field": "type",
              "equals": "Microsoft.Compute/virtualMachines"
            },
            {
              "anyOf": [
                {
                  "field": "Microsoft.Compute/virtualMachines/osProfile.linuxConfiguration",
                  "exists": true
                },
                {
                  "field": "Microsoft.Compute/virtualMachines/storageProfile.osDisk.osType",
                  "like": "Linux*"
                }
              ]
            }
          ]
        },
        {
          "allOf": [
            {
              "field": "type",
              "equals": "Microsoft.Compute/virtualMachineScaleSets"
            },
            {
              "field": "Microsoft.Compute/VirtualMachineScaleSets/osProfile.linuxConfiguration",
              "exists": true
            }
          ]
        }
      ]
    },
    "then": {
      "effect": "[parameters('effect')]",
      "details": {
        "type": "Microsoft.Insights/dataCollectionRuleAssociations",
        "roleDefinitionIds": [
          "/providers/microsoft.authorization/roleDefinitions/749f88d5-cbae-40b8-bcfc-e573ddc772fa",
          "/providers/microsoft.authorization/roleDefinitions/92aaf0da-9dab-42b6-94a3-d43ce8d16293"
        ],
        "existenceCondition": {
          "field": "Microsoft.Insights/dataCollectionRuleAssociations/dataCollectionRuleId",
          "equals": "[parameters('DcrResourceId')]"
        },
        "deployment": {
          "properties": {
            "mode": "incremental",
            "template": {
              "$schema": "https://schema.management.azure.com/schemas/2015-01-01/deploymentTemplate.json#",
              "contentVersion": "1.0.0.0",
              "parameters": {
                "resourceName": {
                  "type": "string"
                },
                "location": {
                  "type": "string"
                },
                "DcrResourceId": {
                  "type": "string"
                },
                "type": {
                  "type": "string"
                }
              },
              "variables": {
                "associationName": "[concat('assoc-', uniqueString(parameters('DcrResourceId')))]"
              },
              "resources": [
                {
                  "condition": "[equals(toLower(parameters('type')), 'microsoft.compute/virtualmachines')]",
                  "name": "[concat(parameters('resourceName'), '/', 'Microsoft.Insights/', variables('associationName'))]",
                  "type": "Microsoft.Compute/virtualMachines/providers/dataCollectionRuleAssociations",
                  "location": "[parameters('location')]",
                  "apiVersion": "2019-11-01-preview",
                  "properties": {
                    "dataCollectionRuleId": "[parameters('dcrResourceId')]"
                  }
                },
                {
                  "condition": "[equals(toLower(parameters('type')), 'microsoft.compute/virtualmachinescalesets')]",
                  "name": "[concat(parameters('resourceName'), '/', 'Microsoft.Insights/', variables('associationName'))]",
                  "type": "Microsoft.Compute/virtualMachineScaleSets/providers/dataCollectionRuleAssociations",
                  "location": "[parameters('location')]",
                  "apiVersion": "2019-11-01-preview",
                  "properties": {
                    "dataCollectionRuleId": "[parameters('dcrResourceId')]"
                  }
                }
              ]
            },
            "parameters": {
              "resourceName": {
                "value": "[field('name')]"
              },
              "location": {
                "value": "[field('location')]"
              },
              "DcrResourceId": {
                "value": "[parameters('DcrResourceId')]"
              },
              "type": {
                "value": "[field('type')]"
              }
            }
          }
        }
      }
    }
  },
  "parameters": {
    "effect": {
      "type": "String",
      "metadata": {
        "displayName": "Effect",
        "description": "Enable or disable the execution of the policy."
      },
      "allowedValues": [
        "DeployIfNotExists",
        "Disabled"
      ],
      "defaultValue": "DeployIfNotExists"
    },
    "DcrResourceId": {
      "type": "String",
      "metadata": {
        "displayName": "Data Collection Rule Resource Id",
        "description": "Resource Id of the Data Collection Rule to be applied on the virtual machines in scope."
      }
    }
  }
}