{    
  "mode": "Indexed",
  "parameters": {
    "effect": {
      "type": "String",
      "metadata": {
        "displayName": "Effect",
        "description": "Enable or disable the execution of the policy"
      },
      "allowedValues": [
        "Modify",
        "Disabled"
      ],
      "defaultValue": "Modify"
    }
  },
  "policyRule": {
    "if": {
      "allOf": [
        {
          "anyOf": [
            {
              "field": "type",
              "equals": "Microsoft.Compute/virtualMachines"
            },
            {
              "field": "type",
              "equals": "Microsoft.Compute/virtualMachineScaleSets"
            }
          ]
        },
        {
          "value": "[requestContext().apiVersion]",
          "greaterOrEquals": "2018-10-01"
        },
        {
          "field": "identity.type",
          "notContains": "SystemAssigned"
        }
      ]
    },
    "then": {
      "effect": "[parameters('effect')]",
      "details": {
        "roleDefinitionIds": [
          "/providers/microsoft.authorization/roleDefinitions/9980e02c-c2be-4d73-94e8-173b1dc7cf3c",
          "/providers/microsoft.authorization/roleDefinitions/e40ec5ca-96e0-45a2-b4ff-59039f2c2b59",
          "/providers/microsoft.authorization/roleDefinitions/f1a07417-d97a-45cb-824c-7a7467783830"
        ],
        "operations": [
          {
            "operation": "addOrReplace",
            "field": "identity.type",
            "value": "[if(contains(field('identity.type'), 'UserAssigned'), concat(field('identity.type'), ',SystemAssigned'), 'SystemAssigned')]"
          }
        ]
      }
    }
  }
}