{    
  "mode": "Indexed",
  "parameters": {
    "effect": {
      "type": "String",
      "metadata": {
        "displayName": "Effect",
        "description": "Enable or disable the execution of the policy"
      },
      "allowedValues": [
        "Modify",
        "Disabled"
      ],
      "defaultValue": "Modify"
    },
    "targetImage": {
      "type": "Array",
      "metadata": {
        "displayName": "Image Id to Target",
        "description": "A list of Image Ids to target - you may use one * wildcard at any place in the Id to do a 'like' match."
      },
      "defaultValue": [
        "/subscriptions/xxxxxxxxxxxxxxxxxxxxxxxxx/resourceGroups/xxxxxxxxxxxxxxxxx/*"
      ]
    },
    "targetPublisher": {
      "type": "Array",
      "metadata": {
        "displayName": "Publishers to Target",
        "description": "A list of Objects indicating what publishers to target, the required keys are: publisher, version, sku and offer. You may use one * wildcard per key/value on on the object."
      },
      "defaultValue": [
        {
          "publisher": "Microsoft*",
          "version": "*",
          "sku": "*",
          "offer": "*"
        }
      ]
    }
  },
  "policyRule": {
    "if": {
      "allOf": [
        {
          "anyOf": [
            {
              "field": "type",
              "equals": "Microsoft.Compute/virtualMachines"
            },
            {
              "field": "type",
              "equals": "Microsoft.Compute/virtualMachineScaleSets"
            }
          ]
        },
        {
          "value": "[requestContext().apiVersion]",
          "greaterOrEquals": "2018-10-01"
        },
        {
          "field": "identity.type",
          "notContains": "SystemAssigned"
        },
        {
          "anyOf": [
            {
              "allOf": [
                {
                  "field": "Microsoft.Compute/imageId",
                  "exists": true
                },
                {
                  "count": {
                    "value": "[parameters('targetImage')]",
                    "where": {
                      "field": "Microsoft.Compute/imageId",
                      "like": "[current()]"
                    }
                  },
                  "greater": 0
                }
              ]
            },
            {
              "allOf": [
                {
                  "field": "Microsoft.Compute/imagePublisher",
                  "exists": true
                },
                {
                  "count": {
                    "value": "[parameters('targetPublisher')]",
                    "where": {
                      "allOf":[
                        {
                          "field": "Microsoft.Compute/imagePublisher",
                          "like": "[current().publisher]"
                        },
                        {
                          "field": "Microsoft.Compute/imageSku",
                          "like": "[current().sku]"
                        },
                        {
                          "field": "Microsoft.Compute/imageOffer",
                          "like": "[current().offer]"
                        },
                        {
                          "field": "Microsoft.Compute/imageVersion",
                          "like": "[current().version]"
                        }
                      ]
                    }
                  },
                  "greater": 0
                }
              ]
            }
          ]
        }
      ]
    },
    "then": {
      "effect": "[parameters('effect')]",
      "details": {
        "roleDefinitionIds": [
          "/providers/microsoft.authorization/roleDefinitions/9980e02c-c2be-4d73-94e8-173b1dc7cf3c",
          "/providers/microsoft.authorization/roleDefinitions/e40ec5ca-96e0-45a2-b4ff-59039f2c2b59",
          "/providers/microsoft.authorization/roleDefinitions/f1a07417-d97a-45cb-824c-7a7467783830"
        ],
        "operations": [
          {
            "operation": "addOrReplace",
            "field": "identity.type",
            "value": "[if(contains(field('identity.type'), 'UserAssigned'), concat(field('identity.type'), ',SystemAssigned'), 'SystemAssigned')]"
          }
        ]
      }
    }
  }
}