{
  "mode": "Indexed",
  "policyRule": {
    "if": {
      "allOf": [
        {
          "field": "type",
          "equals": "Microsoft.Compute/virtualMachines"
        },
        {
          "anyOf": [
            {
              "field": "Microsoft.Compute/virtualMachines/osProfile.linuxConfiguration",
              "exists": true
            },
            {
              "field": "Microsoft.Compute/virtualMachines/storageProfile.osDisk.osType",
              "like": "Linux*"
            }
          ]
        },
        {
          "anyOf": [
            {
              "allOf": [
                {
                  "field": "Microsoft.Compute/imageId",
                  "exists": true
                },
                {
                  "count": {
                    "value": "[parameters('targetImage')]",
                    "where": {
                      "field": "Microsoft.Compute/imageId",
                      "like": "[current()]"
                    }
                  },
                  "greater": 0
                }
              ]
            },
            {
              "allOf": [
                {
                  "field": "Microsoft.Compute/imagePublisher",
                  "exists": true
                },
                {
                  "count": {
                    "value": "[parameters('targetPublisher')]",
                    "where": {
                      "allOf":[
                        {
                          "field": "Microsoft.Compute/imagePublisher",
                          "like": "[current().publisher]"
                        },
                        {
                          "field": "Microsoft.Compute/imageSku",
                          "like": "[current().sku]"
                        },
                        {
                          "field": "Microsoft.Compute/imageOffer",
                          "like": "[current().offer]"
                        },
                        {
                          "field": "Microsoft.Compute/imageVersion",
                          "like": "[current().version]"
                        }
                      ]
                    }
                  },
                  "greater": 0
                }
              ]
            }
          ]
        }
      ]
    },
    "then": {
      "effect": "[parameters('effect')]",
      "details": {
        "type": "Microsoft.Insights/dataCollectionRuleAssociations",
        "roleDefinitionIds": [
          "/providers/microsoft.authorization/roleDefinitions/749f88d5-cbae-40b8-bcfc-e573ddc772fa",
          "/providers/microsoft.authorization/roleDefinitions/92aaf0da-9dab-42b6-94a3-d43ce8d16293"
        ],
        "existenceCondition": {
          "field": "Microsoft.Insights/dataCollectionRuleAssociations/dataCollectionRuleId",
          "equals": "[parameters('DcrResourceId')]"
        },
        "deployment": {
          "properties": {
            "mode": "incremental",
            "template": {
              "$schema": "https://schema.management.azure.com/schemas/2015-01-01/deploymentTemplate.json#",
              "contentVersion": "1.0.0.0",
              "parameters": {
                "resourceName": {
                  "type": "string"
                },
                "location": {
                  "type": "string"
                },
                "DcrResourceId": {
                  "type": "string"
                }
              },
              "variables": {
                "associationName": "[concat('assoc-', uniqueString(parameters('DcrResourceId')))]"
              },
              "resources": [
                {
                  "name": "[concat(parameters('resourceName'), '/', 'Microsoft.Insights/', variables('associationName'))]",
                  "type": "Microsoft.Compute/virtualMachines/providers/dataCollectionRuleAssociations",
                  "location": "[parameters('location')]",
                  "apiVersion": "2019-11-01-preview",
                  "properties": {
                    "dataCollectionRuleId": "[parameters('dcrResourceId')]"
                  }
                }
              ]
            },
            "parameters": {
              "resourceName": {
                "value": "[field('name')]"
              },
              "location": {
                "value": "[field('location')]"
              },
              "DcrResourceId": {
                "value": "[parameters('DcrResourceId')]"
              }
            }
          }
        }
      }
    }
  },
  "parameters": {
    "effect": {
      "type": "String",
      "metadata": {
        "displayName": "Effect",
        "description": "Enable or disable the execution of the policy."
      },
      "allowedValues": [
        "DeployIfNotExists",
        "Disabled"
      ],
      "defaultValue": "DeployIfNotExists"
    },
    "DcrResourceId": {
      "type": "String",
      "metadata": {
        "displayName": "Data Collection Rule Resource Id",
        "description": "Resource Id of the Data Collection Rule to be applied on the virtual machines in scope."
      }
    },
    "targetImage": {
      "type": "Array",
      "metadata": {
        "displayName": "Image Id to Target",
        "description": "A list of Image Ids to target - you may use one * wildcard at any place in the Id to do a 'like' match."
      },
      "defaultValue": [
        "/subscriptions/xxxxxxxxxxxxxxxxxxxxxxxxx/resourceGroups/xxxxxxxxxxxxxxxxx/*"
      ]
    },
    "targetPublisher": {
      "type": "Array",
      "metadata": {
        "displayName": "Publishers to Target",
        "description": "A list of Objects indicating what publishers to target, the required keys are: publisher, version, sku and offer. You may use one * wildcard per key/value on on the object."
      },
      "defaultValue": [
        {
          "publisher": "Microsoft*",
          "version": "*",
          "sku": "*",
          "offer": "*"
        }
      ]
    }
  }
}